{
  "id": "1f7c1b30-387d-4ebb-9b7a-63f06b40f64f",
  "generation": 1,
  "iteration": 6,
  "current_iteration": 11,
  "metrics": {
    "combined_score": 0.5047095238095238,
    "tail_latency": 383.7
  },
  "language": "python",
  "timestamp": 1778057000.4159315,
  "saved_at": 1778058663.1335797
}