{
  "id": "dd9acc08-b498-486d-9656-4175995c8bb6",
  "generation": 1,
  "iteration": 1,
  "current_iteration": 1,
  "metrics": {
    "combined_score": 0.3560238095238095,
    "tail_latency": 374.5
  },
  "language": "python",
  "timestamp": 1778055424.1066425,
  "saved_at": 1778055424.1209903
}