{
  "id": "1f7c1b30-387d-4ebb-9b7a-63f06b40f64f",
  "generation": 1,
  "iteration": 6,
  "timestamp": 1778057000.4159315,
  "parent_id": "cbfc608a-bc3b-4393-b2a7-f2a07a69d83e",
  "metrics": {
    "combined_score": 0.5047095238095238,
    "tail_latency": 383.7
  },
  "language": "python",
  "saved_at": 1778060662.0930943
}