{
  "id": "f0ebbf48-b1c5-478f-9055-355c156969b5",
  "generation": 0,
  "iteration": 0,
  "current_iteration": 1,
  "metrics": {
    "combined_score": 0.6283333333333333,
    "tail_latency": 400.5
  },
  "language": "python",
  "timestamp": 1777645751.0098798,
  "saved_at": 1777646109.2943301
}